{
    "loss": 1.8981733322143555,
    "accuracy": 0.8706896305084229
}