{
    "loss": 0.6899248361587524,
    "accuracy": 0.9655172228813171
}